{"loss":{"0":0.2503861189,"1":0.2459613085,"2":0.2627338171,"3":0.2778177559,"4":0.238352254,"5":0.204626441,"6":0.1937535852,"7":0.2024902254,"8":0.1869670749,"9":0.1774332374,"10":0.1688085496,"11":0.1832966059,"12":0.2011462301,"13":0.1464260221,"14":0.1748418361,"15":0.1503221542,"16":0.15594244,"17":0.1412647963,"18":0.1381494403,"19":0.1409109682,"20":0.1348831803,"21":0.1231475472,"22":0.1379678249,"23":0.1211186871,"24":0.1264624298,"25":0.1265012175,"26":0.1028106585,"27":0.11882364,"28":0.1215520501,"29":0.1356160343,"30":0.1273244619,"31":0.1092742682,"32":0.1281802803,"33":0.0969479531,"34":0.0968749747,"35":0.0906311125,"36":0.0988299549,"37":0.0824889466,"38":0.0805507377,"39":0.0793314129,"40":0.0786875561,"41":0.0665110573,"42":0.1046168283,"43":0.0770026669,"44":0.0792722255,"45":0.0712334067,"46":0.0694670007,"47":0.0784325078,"48":0.0700524226,"49":0.0741973072},"accuracy":{"0":0.9034267664,"1":0.9037729502,"2":0.8954655528,"3":0.8888888955,"4":0.9003115296,"5":0.9162340164,"6":0.9231567979,"7":0.9231567979,"8":0.9283488989,"9":0.9276566505,"10":0.9356178641,"11":0.9366562963,"12":0.9266182184,"13":0.9418483973,"14":0.930079639,"15":0.9383869767,"16":0.9411560893,"17":0.9480789304,"18":0.9532710314,"19":0.9470404983,"20":0.9494634867,"21":0.9532710314,"22":0.9484250546,"23":0.9539632797,"24":0.9543094635,"25":0.9546555877,"26":0.9588092566,"27":0.957770884,"28":0.9522325993,"29":0.9515403509,"30":0.9550017118,"31":0.9643475413,"32":0.9525787234,"33":0.9646936655,"34":0.9691935182,"35":0.9705780745,"36":0.9698857665,"37":0.9688473344,"38":0.9688473344,"39":0.9723087549,"40":0.9740394354,"41":0.9743856192,"42":0.9636552334,"43":0.973347187,"44":0.9754240513,"45":0.9761162996,"46":0.9757701755,"47":0.9723087549,"48":0.9750778675,"49":0.9719626307},"val_loss":{"0":0.20494017,"1":0.172413677,"2":0.1947443932,"3":0.1869264692,"4":0.1553454697,"5":0.1281303167,"6":0.1402229518,"7":0.139134109,"8":0.1234522909,"9":0.1464566737,"10":0.1080417037,"11":0.1920280457,"12":0.1346510202,"13":0.0835567564,"14":0.1241043359,"15":0.090691328,"16":0.1075382754,"17":0.0907264575,"18":0.0949574187,"19":0.0932254642,"20":0.0766894966,"21":0.0643247515,"22":0.0892673954,"23":0.0723980442,"24":0.0544668771,"25":0.0967642441,"26":0.0549396612,"27":0.0915750861,"28":0.0527654998,"29":0.1332973987,"30":0.0587344877,"31":0.0653401613,"32":0.0758447722,"33":0.0522108264,"34":0.0317980386,"35":0.0520644039,"36":0.0637992248,"37":0.0468382388,"38":0.0382208042,"39":0.0445770323,"40":0.0378922336,"41":0.0398058146,"42":0.0520555004,"43":0.0544007532,"44":0.0425225757,"45":0.0413818769,"46":0.0369582213,"47":0.0508078896,"48":0.0794913098,"49":0.0221764557},"val_accuracy":{"0":0.923928082,"1":0.9336099625,"2":0.9253112078,"3":0.9197787046,"4":0.9336099625,"5":0.9571231008,"6":0.9474412203,"7":0.9474412203,"8":0.9515905976,"9":0.9474412203,"10":0.9543568492,"11":0.9128630757,"12":0.9543568492,"13":0.9709543586,"14":0.9488243461,"15":0.9543568492,"16":0.9598893523,"17":0.9668049812,"18":0.9668049812,"19":0.9668049812,"20":0.968188107,"21":0.9778699875,"22":0.9640387297,"23":0.9764868617,"24":0.9806362391,"25":0.9709543586,"26":0.9792531133,"27":0.9654218554,"28":0.9778699875,"29":0.9571231008,"30":0.9806362391,"31":0.9737206101,"32":0.9695712328,"33":0.9792531133,"34":0.9903181195,"35":0.9820193648,"36":0.9792531133,"37":0.9861687422,"38":0.9861687422,"39":0.9834024906,"40":0.9903181195,"41":0.9861687422,"42":0.9778699875,"43":0.9820193648,"44":0.9834024906,"45":0.9847856164,"46":0.9806362391,"47":0.9820193648,"48":0.9709543586,"49":0.9917012453},"lr":{"0":0.001,"1":0.001,"2":0.001,"3":0.001,"4":0.001,"5":0.001,"6":0.001,"7":0.001,"8":0.001,"9":0.001,"10":0.001,"11":0.001,"12":0.001,"13":0.001,"14":0.001,"15":0.001,"16":0.001,"17":0.0009048374,"18":0.0009048374,"19":0.0009048374,"20":0.0008187307,"21":0.0008187307,"22":0.0008187307,"23":0.0008187307,"24":0.0008187307,"25":0.0008187307,"26":0.0008187307,"27":0.0008187307,"28":0.0007408181,"29":0.0007408181,"30":0.0007408181,"31":0.0007408181,"32":0.0006703199,"33":0.0006703199,"34":0.0006703199,"35":0.0006703199,"36":0.0006703199,"37":0.0006703199,"38":0.0006065305,"39":0.0006065305,"40":0.0006065305,"41":0.0005488115,"42":0.0005488115,"43":0.0005488115,"44":0.0004965851,"45":0.0004965851,"46":0.0004965851,"47":0.0004493287,"48":0.0004493287,"49":0.0004493287}}