{"loss":{"0":7.599750042,"1":0.4379586875,"2":0.2449504286,"3":0.1204570755,"4":0.0669538379,"5":0.0585041866,"6":0.0241697896,"7":0.0209582709,"8":0.0252525918,"9":0.020720968,"10":0.0093851015,"11":0.007895221,"12":0.0124152694},"accuracy":{"0":0.6065470576,"1":0.8105130792,"2":0.9099779725,"3":0.9581366181,"4":0.9801699519,"5":0.9795404673,"6":0.9933899641,"7":0.9946490526,"8":0.9943342805,"9":0.9955933094,"10":0.9980976582,"11":0.998426199,"12":0.9959080815},"val_loss":{"0":0.6901954412,"1":0.6838133931,"2":0.6211483479,"3":0.3949161172,"4":0.1368745118,"5":0.0618948713,"6":0.0067839539,"7":0.0033197838,"8":0.0034227353,"9":0.0023787566,"10":0.0005757391,"11":0.0002084644,"12":0.0017746656},"val_accuracy":{"0":0.5491009951,"1":0.5739972591,"2":0.7233748436,"3":0.9432918429,"4":0.9944674969,"5":0.9958506227,"6":1.0,"7":1.0,"8":1.0,"9":1.0,"10":1.0,"11":1.0,"12":1.0},"lr":{"0":0.001,"1":0.001,"2":0.001,"3":0.001,"4":0.001,"5":0.001,"6":0.001,"7":0.001,"8":0.001,"9":0.001,"10":0.001,"11":0.001,"12":0.001}}